<?xml version="1.0" encoding="utf-8" ?>
<dwsync>
<file name="10_hearts.jpg" server="ftp.d1003416.nedlook.com//webspace/httpdocs/html5/" local="129714356639034310" remote="129714515400000000" />
<file name="11_hearts.jpg" server="ftp.d1003416.nedlook.com//webspace/httpdocs/html5/" local="129714356739400051" remote="129714515400000000" />
<file name="12_hearts.jpg" server="ftp.d1003416.nedlook.com//webspace/httpdocs/html5/" local="129714356861087011" remote="129714515400000000" />
<file name="13_hearts.jpg" server="ftp.d1003416.nedlook.com//webspace/httpdocs/html5/" local="129714356953822315" remote="129714515400000000" />
<file name="1_hearts.jpg" server="ftp.d1003416.nedlook.com//webspace/httpdocs/html5/" local="129714393086598992" remote="129714515400000000" />
<file name="2_hearts.jpg" server="ftp.d1003416.nedlook.com//webspace/httpdocs/html5/" local="129714355714081406" remote="129714515400000000" />
<file name="3_hearts.jpg" server="ftp.d1003416.nedlook.com//webspace/httpdocs/html5/" local="129714355862239880" remote="129714515400000000" />
<file name="4_hearts.jpg" server="ftp.d1003416.nedlook.com//webspace/httpdocs/html5/" local="129714355984416868" remote="129714515400000000" />
<file name="5_hearts.jpg" server="ftp.d1003416.nedlook.com//webspace/httpdocs/html5/" local="129714356113134230" remote="129714515400000000" />
<file name="6_hearts.jpg" server="ftp.d1003416.nedlook.com//webspace/httpdocs/html5/" local="129714356224850620" remote="129714515400000000" />
<file name="7_hearts.jpg" server="ftp.d1003416.nedlook.com//webspace/httpdocs/html5/" local="129714356309015434" remote="129714515400000000" />
<file name="8_hearts.jpg" server="ftp.d1003416.nedlook.com//webspace/httpdocs/html5/" local="129714356406711022" remote="129714515400000000" />
<file name="9_hearts.jpg" server="ftp.d1003416.nedlook.com//webspace/httpdocs/html5/" local="129714356530918126" remote="129714515400000000" />
</dwsync>