<?xml version="1.0" encoding="utf-8" ?><dwsync><file name="contentEditable_01.html" server="ftp.d1003416.nedlook.com//webspace/httpdocs/html5/" local="129713574663725156" remote="129714515400000000" Dst="-1" /><file name="DragDrop_01.html" server="ftp.d1003416.nedlook.com//webspace/httpdocs/html5/" local="129713712422934532" remote="129714515400000000" Dst="-1" /><file name="DragDrop_02.html" server="ftp.d1003416.nedlook.com//webspace/httpdocs/html5/" local="129713721736407233" remote="129714515400000000" Dst="-1" /><file name="DragDrop_03.html" server="ftp.d1003416.nedlook.com//webspace/httpdocs/html5/" local="129714351455037803" remote="129714515400000000" Dst="-1" /><file name="DragDrop_jQuery_01.html" server="ftp.d1003416.nedlook.com//webspace/httpdocs/html5/" local="129714372658610578" remote="129714515400000000" Dst="-1" /><file name="DragDrop_jQuery_02.html" server="ftp.d1003416.nedlook.com//webspace/httpdocs/html5/" local="129714392855665783" remote="129714515400000000" Dst="-1" /><file name="DragDrop_jQuery_03.html" server="ftp.d1003416.nedlook.com//webspace/httpdocs/html5/" local="129714385254531023" remote="129714515400000000" Dst="-1" /><file name="DragDrop_jQuery_04.html" server="ftp.d1003416.nedlook.com//webspace/httpdocs/html5/" local="129714393227507051" remote="129714515400000000" Dst="-1" /><file name="DragDrop_jQuery_05.html" server="ftp.d1003416.nedlook.com//webspace/httpdocs/html5/" local="129714418434088785" remote="129714515400000000" Dst="-1" /><file name="DragDrop_jQuery_06.html" server="ftp.d1003416.nedlook.com//webspace/httpdocs/html5/" local="129714437052313687" remote="129714515400000000" Dst="-1" /><file name="FileAPI_01.html" server="ftp.d1003416.nedlook.com//webspace/httpdocs/html5/" local="129714531368448261" remote="129714515400000000" Dst="-1" /><file name="FileAPI_02.html" server="ftp.d1003416.nedlook.com//webspace/httpdocs/html5/" local="129714535710266599" remote="129714515400000000" Dst="-1" /><file name="FileAPI_03.html" server="ftp.d1003416.nedlook.com//webspace/httpdocs/html5/" local="129714544269236144" remote="129714515400000000" Dst="-1" /><file name="FileAPI_04.html" server="ftp.d1003416.nedlook.com//webspace/httpdocs/html5/" local="129714558262986541" remote="129714522000000000" Dst="-1" /><file name="index.html" server="ftp.d1003416.nedlook.com//webspace/httpdocs/html5/" local="129712755243767038" remote="129714515400000000" Dst="-1" /><file name="localStorage_01.html" server="ftp.d1003416.nedlook.com//webspace/httpdocs/html5/" local="129712847941019017" remote="129714515400000000" Dst="-1" /><file name="localStorage_02.html" server="ftp.d1003416.nedlook.com//webspace/httpdocs/html5/" local="129712856715170870" remote="129714515400000000" Dst="-1" /><file name="localStorage_03.html" server="ftp.d1003416.nedlook.com//webspace/httpdocs/html5/" local="129713526697941670" remote="129714515400000000" Dst="-1" /><file name="Modernizr.html" server="ftp.d1003416.nedlook.com//webspace/httpdocs/html5/" local="129712709999599219" remote="129714515400000000" Dst="-1" /><file name="template.html" server="ftp.d1003416.nedlook.com//webspace/httpdocs/html5/" local="129713617521736494" remote="129714515400000000" Dst="-1" /><file name="FileAPI_05.html" server="ftp.d1003416.nedlook.com//webspace/httpdocs/html5/" local="129714579776097020" remote="129714543600000000" Dst="-1" /><file name="FileAPI_06.html" server="ftp.d1003416.nedlook.com//webspace/httpdocs/html5/" local="129715201055721311" remote="129715164600000000" Dst="-1" /><file name="GeoLocation_02.html" server="ftp.d1003416.nedlook.com//webspace/httpdocs/html5/" local="129715234878495863" remote="129715199400000000" Dst="-1" /><file name="GeoLocation_03.html" server="ftp.d1003416.nedlook.com//webspace/httpdocs/html5/" local="129715245536725479" remote="129715212000000000" Dst="-1" /><file name="GeoLocation_04.html" server="ftp.d1003416.nedlook.com//webspace/httpdocs/html5/" local="129715268410533786" remote="129715231800000000" Dst="-1" /><file name="GeoLocation_05.html" server="ftp.d1003416.nedlook.com//webspace/httpdocs/html5/" local="129715299840931502" remote="129715263600000000" Dst="-1" /><file name="GeoLocation_06.html" server="ftp.d1003416.nedlook.com//webspace/httpdocs/html5/" local="129715316870015510" remote="129715280400000000" Dst="-1" /><file name="ajax-callback.html" server="ftp.d1003416.nedlook.com//webspace/httpdocs/html5/" local="129749115067644023" remote="129749079000000000" Dst="-1" /></dwsync>